<?xml version="1.0" encoding="UTF-8"?>
<project-private xmlns="http://www.netbeans.org/ns/project-private/1">
    <editor-bookmarks xmlns="http://www.netbeans.org/ns/editor-bookmarks/2" lastBookmarkId="0"/>
    <open-files xmlns="http://www.netbeans.org/ns/projectui-open-files/2">
        <group>
            <file>file:/E:/1%20KAMPUS/semester%205/impal/4.%20OOP/disain%20ui%20(2/disain%20ui/disain%20ui/Disain%20ui/src/Tubes/pertama.java</file>
            <file>file:/E:/1%20KAMPUS/semester%205/impal/4.%20OOP/disain%20ui%20(2/disain%20ui/disain%20ui/Disain%20ui/src/Tubes/koneksi.java</file>
            <file>file:/E:/1%20KAMPUS/semester%205/impal/4.%20OOP/disain%20ui%20(2/disain%20ui/disain%20ui/Disain%20ui/src/Tubes/Remindersalah.java</file>
            <file>file:/E:/1%20KAMPUS/semester%205/impal/4.%20OOP/disain%20ui%20(2/disain%20ui/disain%20ui/Disain%20ui/src/Tubes/Konfig.java</file>
            <file>file:/E:/1%20KAMPUS/semester%205/impal/4.%20OOP/disain%20ui%20(2/disain%20ui/disain%20ui/Disain%20ui/src/Tubes/ReminderUI.java</file>
            <file>file:/E:/1%20KAMPUS/semester%205/impal/4.%20OOP/disain%20ui%20(2/disain%20ui/disain%20ui/Disain%20ui/src/Tubes/DisainUi.java</file>
            <file>file:/E:/1%20KAMPUS/semester%205/impal/4.%20OOP/disain%20ui%20(2/disain%20ui/disain%20ui/Disain%20ui/src/Tubes/memorevisi.java</file>
            <file>file:/E:/1%20KAMPUS/semester%205/impal/4.%20OOP/disain%20ui%20(2/disain%20ui/disain%20ui/Disain%20ui/src/Tubes/view.java</file>
        </group>
    </open-files>
</project-private>
